geography,year,group,population,metric,count,rate_per_100k
Bridgeport,2015,Driver/Passenger,148654,Total crashes,5364,3608.3791892582776
Bridgeport,2015,Driver/Passenger,148654,Injury or fatal crashes,1233,829.4428673295034
Bridgeport,2015,Driver/Passenger,148654,Fatal crashes,1,0.6727030554172777
Bridgeport,2016,Driver/Passenger,148654,Total crashes,6546,4403.5142007614995
Bridgeport,2016,Driver/Passenger,148654,Injury or fatal crashes,1678,1128.795726990192
Bridgeport,2016,Driver/Passenger,148654,Fatal crashes,8,5.381624443338222
Bridgeport,2017,Driver/Passenger,148654,Total crashes,6394,4301.263336338074
Bridgeport,2017,Driver/Passenger,148654,Injury or fatal crashes,1585,1066.2343428363852
Bridgeport,2017,Driver/Passenger,148654,Fatal crashes,3,2.018109166251833
Bridgeport,2018,Driver/Passenger,148654,Total crashes,6090,4096.761607491221
Bridgeport,2018,Driver/Passenger,148654,Injury or fatal crashes,1630,1096.5059803301626
Bridgeport,2018,Driver/Passenger,148654,Fatal crashes,7,4.7089213879209435
Bridgeport,2019,Driver/Passenger,148654,Total crashes,6139,4129.724057206668
Bridgeport,2019,Driver/Passenger,148654,Injury or fatal crashes,1642,1104.57841699517
Bridgeport,2019,Driver/Passenger,148654,Fatal crashes,0,0
Bridgeport,2020,Driver/Passenger,148654,Total crashes,5075,3413.968006242684
Bridgeport,2020,Driver/Passenger,148654,Injury or fatal crashes,1359,914.2034523120803
Bridgeport,2020,Driver/Passenger,148654,Fatal crashes,13,8.74513972042461
Bridgeport,2021,Driver/Passenger,148654,Total crashes,5858,3940.694498634413
Bridgeport,2021,Driver/Passenger,148654,Injury or fatal crashes,1595,1072.961373390558
Bridgeport,2021,Driver/Passenger,148654,Fatal crashes,4,2.690812221669111
Bridgeport,2022,Driver/Passenger,148654,Total crashes,5577,3751.6649400621577
Bridgeport,2022,Driver/Passenger,148654,Injury or fatal crashes,1563,1051.434875617205
Bridgeport,2022,Driver/Passenger,148654,Fatal crashes,7,4.7089213879209435
Bridgeport,2023,Driver/Passenger,148654,Total crashes,5328,3584.1618792632557
Bridgeport,2023,Driver/Passenger,148654,Injury or fatal crashes,1474,991.5643036850673
Bridgeport,2023,Driver/Passenger,148654,Fatal crashes,4,2.690812221669111
Bridgeport,2024,Driver/Passenger,148654,Total crashes,5413,3641.341638973724
Bridgeport,2024,Driver/Passenger,148654,Injury or fatal crashes,1471,989.5461945188155
Bridgeport,2024,Driver/Passenger,148654,Fatal crashes,7,4.7089213879209435
Bridgeport,2025,Driver/Passenger,148654,Total crashes,5374,3615.10621981245
Bridgeport,2025,Driver/Passenger,148654,Injury or fatal crashes,1355,911.5126400904113
Bridgeport,2025,Driver/Passenger,148654,Fatal crashes,7,4.7089213879209435
Bridgeport,2015,Pedestrian/Cyclist/Other,148654,Total crashes,171,115.03222247635449
Bridgeport,2015,Pedestrian/Cyclist/Other,148654,Injury or fatal crashes,157,105.6143797005126
Bridgeport,2015,Pedestrian/Cyclist/Other,148654,Fatal crashes,1,0.6727030554172777
Bridgeport,2016,Pedestrian/Cyclist/Other,148654,Total crashes,231,155.39440580139114
Bridgeport,2016,Pedestrian/Cyclist/Other,148654,Injury or fatal crashes,192,129.15898664011732
Bridgeport,2016,Pedestrian/Cyclist/Other,148654,Fatal crashes,6,4.036218332503666
Bridgeport,2017,Pedestrian/Cyclist/Other,148654,Total crashes,241,162.12143635556393
Bridgeport,2017,Pedestrian/Cyclist/Other,148654,Injury or fatal crashes,204,137.23142330512465
Bridgeport,2017,Pedestrian/Cyclist/Other,148654,Fatal crashes,7,4.7089213879209435
Bridgeport,2018,Pedestrian/Cyclist/Other,148654,Total crashes,186,125.12276830761365
Bridgeport,2018,Pedestrian/Cyclist/Other,148654,Injury or fatal crashes,168,113.01411331010266
Bridgeport,2018,Pedestrian/Cyclist/Other,148654,Fatal crashes,4,2.690812221669111
Bridgeport,2019,Pedestrian/Cyclist/Other,148654,Total crashes,185,124.45006525219637
Bridgeport,2019,Pedestrian/Cyclist/Other,148654,Injury or fatal crashes,166,111.6687071992681
Bridgeport,2019,Pedestrian/Cyclist/Other,148654,Fatal crashes,3,2.018109166251833
Bridgeport,2020,Pedestrian/Cyclist/Other,148654,Total crashes,120,80.72436665007332
Bridgeport,2020,Pedestrian/Cyclist/Other,148654,Injury or fatal crashes,111,74.67003915131782
Bridgeport,2020,Pedestrian/Cyclist/Other,148654,Fatal crashes,3,2.018109166251833
Bridgeport,2021,Pedestrian/Cyclist/Other,148654,Total crashes,120,80.72436665007332
Bridgeport,2021,Pedestrian/Cyclist/Other,148654,Injury or fatal crashes,108,72.65192998506599
Bridgeport,2021,Pedestrian/Cyclist/Other,148654,Fatal crashes,3,2.018109166251833
Bridgeport,2022,Pedestrian/Cyclist/Other,148654,Total crashes,154,103.59627053426078
Bridgeport,2022,Pedestrian/Cyclist/Other,148654,Injury or fatal crashes,143,96.19653692467071
Bridgeport,2022,Pedestrian/Cyclist/Other,148654,Fatal crashes,4,2.690812221669111
Bridgeport,2023,Pedestrian/Cyclist/Other,148654,Total crashes,129,86.77869414882882
Bridgeport,2023,Pedestrian/Cyclist/Other,148654,Injury or fatal crashes,117,78.70625748382149
Bridgeport,2023,Pedestrian/Cyclist/Other,148654,Fatal crashes,3,2.018109166251833
Bridgeport,2024,Pedestrian/Cyclist/Other,148654,Total crashes,176,118.39573775344087
Bridgeport,2024,Pedestrian/Cyclist/Other,148654,Injury or fatal crashes,155,104.26897358967804
Bridgeport,2024,Pedestrian/Cyclist/Other,148654,Fatal crashes,5,3.3635152770863885
Bridgeport,2025,Pedestrian/Cyclist/Other,148654,Total crashes,165,110.99600414385081
Bridgeport,2025,Pedestrian/Cyclist/Other,148654,Injury or fatal crashes,140,94.17842775841888
Bridgeport,2025,Pedestrian/Cyclist/Other,148654,Fatal crashes,2,1.3454061108345554
Connecticut (statewide),2015,Driver/Passenger,3605944,Total crashes,109259,3029.9694060695338
Connecticut (statewide),2015,Driver/Passenger,3605944,Injury or fatal crashes,24408,676.8823919617165
Connecticut (statewide),2015,Driver/Passenger,3605944,Fatal crashes,203,5.629593804008049
Connecticut (statewide),2016,Driver/Passenger,3605944,Total crashes,113699,3153.099438038971
Connecticut (statewide),2016,Driver/Passenger,3605944,Injury or fatal crashes,26140,724.9141972254699
Connecticut (statewide),2016,Driver/Passenger,3605944,Fatal crashes,223,6.1842335876541625
Connecticut (statewide),2017,Driver/Passenger,3605944,Total crashes,113499,3147.55304020251
Connecticut (statewide),2017,Driver/Passenger,3605944,Injury or fatal crashes,25751,714.126453433553
Connecticut (statewide),2017,Driver/Passenger,3605944,Fatal crashes,207,5.740521760737272
Connecticut (statewide),2018,Driver/Passenger,3605944,Total crashes,112199,3111.5014542655126
Connecticut (statewide),2018,Driver/Passenger,3605944,Injury or fatal crashes,25718,713.211297790537
Connecticut (statewide),2018,Driver/Passenger,3605944,Fatal crashes,217,6.017841652560328
Connecticut (statewide),2019,Driver/Passenger,3605944,Total crashes,110511,3064.6898565257807
Connecticut (statewide),2019,Driver/Passenger,3605944,Injury or fatal crashes,25553,708.6355195754566
Connecticut (statewide),2019,Driver/Passenger,3605944,Fatal crashes,181,5.019490041997324
Connecticut (statewide),2020,Driver/Passenger,3605944,Total crashes,82201,2279.5972427747074
Connecticut (statewide),2020,Driver/Passenger,3605944,Injury or fatal crashes,20181,559.6592736881105
Connecticut (statewide),2020,Driver/Passenger,3605944,Fatal crashes,218,6.045573641742633
Connecticut (statewide),2021,Driver/Passenger,3605944,Total crashes,99593,2761.9119986333676
Connecticut (statewide),2021,Driver/Passenger,3605944,Injury or fatal crashes,23689,656.9430917396387
Connecticut (statewide),2021,Driver/Passenger,3605944,Fatal crashes,238,6.6002134253887474
Connecticut (statewide),2022,Driver/Passenger,3605944,Total crashes,101088,2803.3713224609146
Connecticut (statewide),2022,Driver/Passenger,3605944,Injury or fatal crashes,23769,659.1616508742233
Connecticut (statewide),2022,Driver/Passenger,3605944,Fatal crashes,261,7.238049176581777
Connecticut (statewide),2023,Driver/Passenger,3605944,Total crashes,98704,2737.2582602502976
Connecticut (statewide),2023,Driver/Passenger,3605944,Injury or fatal crashes,23119,641.1358579057246
Connecticut (statewide),2023,Driver/Passenger,3605944,Fatal crashes,231,6.406089501112608
Connecticut (statewide),2024,Driver/Passenger,3605944,Total crashes,102262,2835.9286777609414
Connecticut (statewide),2024,Driver/Passenger,3605944,Injury or fatal crashes,22900,635.0625522747996
Connecticut (statewide),2024,Driver/Passenger,3605944,Fatal crashes,226,6.26742955520108
Connecticut (statewide),2025,Driver/Passenger,3605944,Total crashes,101598,2817.5146369438903
Connecticut (statewide),2025,Driver/Passenger,3605944,Injury or fatal crashes,22092,612.6551050154966
Connecticut (statewide),2025,Driver/Passenger,3605944,Fatal crashes,172,4.7699021393565735
Connecticut (statewide),2015,Pedestrian/Cyclist/Other,3605944,Total crashes,1910,52.968099338203814
Connecticut (statewide),2015,Pedestrian/Cyclist/Other,3605944,Injury or fatal crashes,1667,46.229225966903535
Connecticut (statewide),2015,Pedestrian/Cyclist/Other,3605944,Fatal crashes,50,1.386599459115283
Connecticut (statewide),2016,Pedestrian/Cyclist/Other,3605944,Total crashes,2236,62.00872781163545
Connecticut (statewide),2016,Pedestrian/Cyclist/Other,3605944,Injury or fatal crashes,1906,52.857171381474586
Connecticut (statewide),2016,Pedestrian/Cyclist/Other,3605944,Fatal crashes,74,2.052167199490619
Connecticut (statewide),2017,Pedestrian/Cyclist/Other,3605944,Total crashes,2149,59.596044752774866
Connecticut (statewide),2017,Pedestrian/Cyclist/Other,3605944,Injury or fatal crashes,1817,50.38902434424938
Connecticut (statewide),2017,Pedestrian/Cyclist/Other,3605944,Fatal crashes,57,1.5807233833914227
Connecticut (statewide),2018,Pedestrian/Cyclist/Other,3605944,Total crashes,1957,54.271502829772174
Connecticut (statewide),2018,Pedestrian/Cyclist/Other,3605944,Injury or fatal crashes,1683,46.672937793820424
Connecticut (statewide),2018,Pedestrian/Cyclist/Other,3605944,Fatal crashes,64,1.7748473076675622
Connecticut (statewide),2019,Pedestrian/Cyclist/Other,3605944,Total crashes,2100,58.237177282841884
Connecticut (statewide),2019,Pedestrian/Cyclist/Other,3605944,Injury or fatal crashes,1812,50.25036439833785
Connecticut (statewide),2019,Pedestrian/Cyclist/Other,3605944,Fatal crashes,57,1.5807233833914227
Connecticut (statewide),2020,Pedestrian/Cyclist/Other,3605944,Total crashes,1590,44.093862799866
Connecticut (statewide),2020,Pedestrian/Cyclist/Other,3605944,Injury or fatal crashes,1370,37.99282517975875
Connecticut (statewide),2020,Pedestrian/Cyclist/Other,3605944,Fatal crashes,67,1.8580432752144793
Connecticut (statewide),2021,Pedestrian/Cyclist/Other,3605944,Total crashes,1566,43.428295059490665
Connecticut (statewide),2021,Pedestrian/Cyclist/Other,3605944,Injury or fatal crashes,1380,38.270145071581815
Connecticut (statewide),2021,Pedestrian/Cyclist/Other,3605944,Fatal crashes,56,1.552991394209117
Connecticut (statewide),2022,Pedestrian/Cyclist/Other,3605944,Total crashes,1714,47.5326294584719
Connecticut (statewide),2022,Pedestrian/Cyclist/Other,3605944,Injury or fatal crashes,1532,42.48540742729227
Connecticut (statewide),2022,Pedestrian/Cyclist/Other,3605944,Fatal crashes,77,2.1353631670375357
Connecticut (statewide),2023,Pedestrian/Cyclist/Other,3605944,Total crashes,1733,48.059537252935705
Connecticut (statewide),2023,Pedestrian/Cyclist/Other,3605944,Injury or fatal crashes,1498,41.542519795093874
Connecticut (statewide),2023,Pedestrian/Cyclist/Other,3605944,Fatal crashes,59,1.636187361756034
Connecticut (statewide),2024,Pedestrian/Cyclist/Other,3605944,Total crashes,1998,55.4085143862467
Connecticut (statewide),2024,Pedestrian/Cyclist/Other,3605944,Injury or fatal crashes,1718,47.64355741520112
Connecticut (statewide),2024,Pedestrian/Cyclist/Other,3605944,Fatal crashes,65,1.802579296849868
Connecticut (statewide),2025,Pedestrian/Cyclist/Other,3605944,Total crashes,1836,50.91593213871319
Connecticut (statewide),2025,Pedestrian/Cyclist/Other,3605944,Injury or fatal crashes,1583,43.89973887558986
Connecticut (statewide),2025,Pedestrian/Cyclist/Other,3605944,Fatal crashes,60,1.6639193509383396
Five largest cities,2015,Driver/Passenger,653604,Total crashes,30215,4622.829725644274
Five largest cities,2015,Driver/Passenger,653604,Injury or fatal crashes,6737,1030.7464458601844
Five largest cities,2015,Driver/Passenger,653604,Fatal crashes,26,3.9779438314331004
Five largest cities,2016,Driver/Passenger,653604,Total crashes,32336,4947.338143585413
Five largest cities,2016,Driver/Passenger,653604,Injury or fatal crashes,7567,1157.7346527867026
Five largest cities,2016,Driver/Passenger,653604,Fatal crashes,38,5.813917907479146
Five largest cities,2017,Driver/Passenger,653604,Total crashes,31288,4786.996407610724
Five largest cities,2017,Driver/Passenger,653604,Injury or fatal crashes,7201,1101.7374434672981
Five largest cities,2017,Driver/Passenger,653604,Fatal crashes,36,5.507922228138139
Five largest cities,2018,Driver/Passenger,653604,Total crashes,31098,4757.926818073329
Five largest cities,2018,Driver/Passenger,653604,Injury or fatal crashes,7423,1135.70296387415
Five largest cities,2018,Driver/Passenger,653604,Fatal crashes,45,6.884902785172674
Five largest cities,2019,Driver/Passenger,653604,Total crashes,30619,4684.640852871157
Five largest cities,2019,Driver/Passenger,653604,Injury or fatal crashes,7396,1131.5720222030466
Five largest cities,2019,Driver/Passenger,653604,Fatal crashes,30,4.589935190115116
Five largest cities,2020,Driver/Passenger,653604,Total crashes,24050,3679.5980440756175
Five largest cities,2020,Driver/Passenger,653604,Injury or fatal crashes,6202,948.892601636465
Five largest cities,2020,Driver/Passenger,653604,Fatal crashes,39,5.96691574714965
Five largest cities,2021,Driver/Passenger,653604,Total crashes,26988,4129.105697027559
Five largest cities,2021,Driver/Passenger,653604,Injury or fatal crashes,6800,1040.3853097594263
Five largest cities,2021,Driver/Passenger,653604,Fatal crashes,37,5.660920067808642
Five largest cities,2022,Driver/Passenger,653604,Total crashes,26421,4042.3559219343824
Five largest cities,2022,Driver/Passenger,653604,Injury or fatal crashes,6600,1009.7857418253255
Five largest cities,2022,Driver/Passenger,653604,Fatal crashes,48,7.343896304184185
Five largest cities,2023,Driver/Passenger,653604,Total crashes,25776,3943.672315346907
Five largest cities,2023,Driver/Passenger,653604,Injury or fatal crashes,6324,967.5583380762664
Five largest cities,2023,Driver/Passenger,653604,Fatal crashes,34,5.201926548797132
Five largest cities,2024,Driver/Passenger,653604,Total crashes,25990,3976.4138530363953
Five largest cities,2024,Driver/Passenger,653604,Injury or fatal crashes,6124,936.9587701421656
Five largest cities,2024,Driver/Passenger,653604,Fatal crashes,40,6.119913586820155
Five largest cities,2025,Driver/Passenger,653604,Total crashes,26442,4045.568876567463
Five largest cities,2025,Driver/Passenger,653604,Injury or fatal crashes,5843,893.9663771947539
Five largest cities,2025,Driver/Passenger,653604,Fatal crashes,28,4.2839395107741085
Five largest cities,2015,Pedestrian/Cyclist/Other,653604,Total crashes,819,125.30523069014265
Five largest cities,2015,Pedestrian/Cyclist/Other,653604,Injury or fatal crashes,722,110.46444024210378
Five largest cities,2015,Pedestrian/Cyclist/Other,653604,Fatal crashes,11,1.6829762363755425
Five largest cities,2016,Pedestrian/Cyclist/Other,653604,Total crashes,978,149.63188719775277
Five largest cities,2016,Pedestrian/Cyclist/Other,653604,Injury or fatal crashes,867,132.64912699432685
Five largest cities,2016,Pedestrian/Cyclist/Other,653604,Fatal crashes,18,2.7539611140690696
Five largest cities,2017,Pedestrian/Cyclist/Other,653604,Total crashes,965,147.6429152820362
Five largest cities,2017,Pedestrian/Cyclist/Other,653604,Injury or fatal crashes,839,128.36518748355275
Five largest cities,2017,Pedestrian/Cyclist/Other,653604,Fatal crashes,19,2.906958953739573
Five largest cities,2018,Pedestrian/Cyclist/Other,653604,Total crashes,838,128.21218964388223
Five largest cities,2018,Pedestrian/Cyclist/Other,653604,Injury or fatal crashes,751,114.9013775925484
Five largest cities,2018,Pedestrian/Cyclist/Other,653604,Fatal crashes,21,3.2129546330805807
Five largest cities,2019,Pedestrian/Cyclist/Other,653604,Total crashes,942,144.12396496961463
Five largest cities,2019,Pedestrian/Cyclist/Other,653604,Injury or fatal crashes,846,129.43617236124626
Five largest cities,2019,Pedestrian/Cyclist/Other,653604,Fatal crashes,19,2.906958953739573
Five largest cities,2020,Pedestrian/Cyclist/Other,653604,Total crashes,675,103.2735417775901
Five largest cities,2020,Pedestrian/Cyclist/Other,653604,Injury or fatal crashes,600,91.79870380230231
Five largest cities,2020,Pedestrian/Cyclist/Other,653604,Fatal crashes,26,3.9779438314331004
Five largest cities,2021,Pedestrian/Cyclist/Other,653604,Total crashes,631,96.54163683208793
Five largest cities,2021,Pedestrian/Cyclist/Other,653604,Injury or fatal crashes,572,87.51476429152821
Five largest cities,2021,Pedestrian/Cyclist/Other,653604,Fatal crashes,20,3.0599567934100773
Five largest cities,2022,Pedestrian/Cyclist/Other,653604,Total crashes,711,108.78146400572824
Five largest cities,2022,Pedestrian/Cyclist/Other,653604,Injury or fatal crashes,650,99.44859578582752
Five largest cities,2022,Pedestrian/Cyclist/Other,653604,Fatal crashes,26,3.9779438314331004
Five largest cities,2023,Pedestrian/Cyclist/Other,653604,Total crashes,692,105.87450505198868
Five largest cities,2023,Pedestrian/Cyclist/Other,653604,Injury or fatal crashes,610,93.32868219900735
Five largest cities,2023,Pedestrian/Cyclist/Other,653604,Fatal crashes,23,3.5189503124215884
Five largest cities,2024,Pedestrian/Cyclist/Other,653604,Total crashes,825,126.2232177281657
Five largest cities,2024,Pedestrian/Cyclist/Other,653604,Injury or fatal crashes,713,109.08745968506925
Five largest cities,2024,Pedestrian/Cyclist/Other,653604,Fatal crashes,24,3.6719481520920927
Five largest cities,2025,Pedestrian/Cyclist/Other,653604,Total crashes,770,117.80833654628798
Five largest cities,2025,Pedestrian/Cyclist/Other,653604,Injury or fatal crashes,678,103.73253529660163
Five largest cities,2025,Pedestrian/Cyclist/Other,653604,Fatal crashes,15,2.294967595057558
Hartford,2015,Driver/Passenger,121054,Total crashes,6580,5435.590728104812
Hartford,2015,Driver/Passenger,121054,Injury or fatal crashes,1592,1315.1155682587935
Hartford,2015,Driver/Passenger,121054,Fatal crashes,5,4.130388091265055
Hartford,2016,Driver/Passenger,121054,Total crashes,7401,6113.800452690535
Hartford,2016,Driver/Passenger,121054,Injury or fatal crashes,1862,1538.1565251871066
Hartford,2016,Driver/Passenger,121054,Fatal crashes,8,6.6086209460240894
Hartford,2017,Driver/Passenger,121054,Total crashes,6795,5613.19741602921
Hartford,2017,Driver/Passenger,121054,Injury or fatal crashes,1657,1368.8106134452394
Hartford,2017,Driver/Passenger,121054,Fatal crashes,9,7.4346985642771
Hartford,2018,Driver/Passenger,121054,Total crashes,6795,5613.19741602921
Hartford,2018,Driver/Passenger,121054,Injury or fatal crashes,1693,1398.5494077023477
Hartford,2018,Driver/Passenger,121054,Fatal crashes,12,9.912931419036132
Hartford,2019,Driver/Passenger,121054,Total crashes,6924,5719.761428783849
Hartford,2019,Driver/Passenger,121054,Injury or fatal crashes,1642,1356.419449171444
Hartford,2019,Driver/Passenger,121054,Fatal crashes,12,9.912931419036132
Hartford,2020,Driver/Passenger,121054,Total crashes,5374,4439.341120491681
Hartford,2020,Driver/Passenger,121054,Injury or fatal crashes,1510,1247.3772035620468
Hartford,2020,Driver/Passenger,121054,Fatal crashes,13,10.739009037289144
Hartford,2021,Driver/Passenger,121054,Total crashes,5343,4413.732714325838
Hartford,2021,Driver/Passenger,121054,Injury or fatal crashes,1445,1193.682158375601
Hartford,2021,Driver/Passenger,121054,Fatal crashes,12,9.912931419036132
Hartford,2022,Driver/Passenger,121054,Total crashes,5227,4317.907710608489
Hartford,2022,Driver/Passenger,121054,Injury or fatal crashes,1391,1149.0739669899383
Hartford,2022,Driver/Passenger,121054,Fatal crashes,8,6.6086209460240894
Hartford,2023,Driver/Passenger,121054,Total crashes,5368,4434.384654782163
Hartford,2023,Driver/Passenger,121054,Injury or fatal crashes,1439,1188.7256926660828
Hartford,2023,Driver/Passenger,121054,Fatal crashes,5,4.130388091265055
Hartford,2024,Driver/Passenger,121054,Total crashes,5915,4886.24911196656
Hartford,2024,Driver/Passenger,121054,Injury or fatal crashes,1398,1154.8565103177093
Hartford,2024,Driver/Passenger,121054,Fatal crashes,9,7.4346985642771
Hartford,2025,Driver/Passenger,121054,Total crashes,6233,5148.941794571018
Hartford,2025,Driver/Passenger,121054,Injury or fatal crashes,1428,1179.6388388653
Hartford,2025,Driver/Passenger,121054,Fatal crashes,10,8.26077618253011
Hartford,2015,Pedestrian/Cyclist/Other,121054,Total crashes,186,153.65043699506006
Hartford,2015,Pedestrian/Cyclist/Other,121054,Injury or fatal crashes,167,137.95496224825285
Hartford,2015,Pedestrian/Cyclist/Other,121054,Fatal crashes,4,3.3043104730120447
Hartford,2016,Pedestrian/Cyclist/Other,121054,Total crashes,235,194.12824028945758
Hartford,2016,Pedestrian/Cyclist/Other,121054,Injury or fatal crashes,217,179.2588431609034
Hartford,2016,Pedestrian/Cyclist/Other,121054,Fatal crashes,2,1.6521552365060224
Hartford,2017,Pedestrian/Cyclist/Other,121054,Total crashes,209,172.6502222148793
Hartford,2017,Pedestrian/Cyclist/Other,121054,Injury or fatal crashes,193,159.43298032283113
Hartford,2017,Pedestrian/Cyclist/Other,121054,Fatal crashes,1,0.8260776182530112
Hartford,2018,Pedestrian/Cyclist/Other,121054,Total crashes,193,159.43298032283113
Hartford,2018,Pedestrian/Cyclist/Other,121054,Injury or fatal crashes,176,145.38966081252997
Hartford,2018,Pedestrian/Cyclist/Other,121054,Fatal crashes,9,7.4346985642771
Hartford,2019,Pedestrian/Cyclist/Other,121054,Total crashes,203,167.69375650536125
Hartford,2019,Pedestrian/Cyclist/Other,121054,Injury or fatal crashes,186,153.65043699506006
Hartford,2019,Pedestrian/Cyclist/Other,121054,Fatal crashes,3,2.478232854759033
Hartford,2020,Pedestrian/Cyclist/Other,121054,Total crashes,151,124.73772035620466
Hartford,2020,Pedestrian/Cyclist/Other,121054,Injury or fatal crashes,136,112.34655608240949
Hartford,2020,Pedestrian/Cyclist/Other,121054,Fatal crashes,4,3.3043104730120447
Hartford,2021,Pedestrian/Cyclist/Other,121054,Total crashes,99,81.78168420704809
Hartford,2021,Pedestrian/Cyclist/Other,121054,Injury or fatal crashes,95,78.47737373403605
Hartford,2021,Pedestrian/Cyclist/Other,121054,Fatal crashes,5,4.130388091265055
Hartford,2022,Pedestrian/Cyclist/Other,121054,Total crashes,115,94.99892609909627
Hartford,2022,Pedestrian/Cyclist/Other,121054,Injury or fatal crashes,106,87.56422753481917
Hartford,2022,Pedestrian/Cyclist/Other,121054,Fatal crashes,7,5.782543327771077
Hartford,2023,Pedestrian/Cyclist/Other,121054,Total crashes,146,120.60733226493961
Hartford,2023,Pedestrian/Cyclist/Other,121054,Injury or fatal crashes,130,107.39009037289145
Hartford,2023,Pedestrian/Cyclist/Other,121054,Fatal crashes,6,4.956465709518066
Hartford,2024,Pedestrian/Cyclist/Other,121054,Total crashes,191,157.7808250863251
Hartford,2024,Pedestrian/Cyclist/Other,121054,Injury or fatal crashes,163,134.6506517752408
Hartford,2024,Pedestrian/Cyclist/Other,121054,Fatal crashes,7,5.782543327771077
Hartford,2025,Pedestrian/Cyclist/Other,121054,Total crashes,189,156.1286698498191
Hartford,2025,Pedestrian/Cyclist/Other,121054,Injury or fatal crashes,164,135.47672939349383
Hartford,2025,Pedestrian/Cyclist/Other,121054,Fatal crashes,5,4.130388091265055
New Haven,2015,Driver/Passenger,134023,Total crashes,7956,5936.29451661282
New Haven,2015,Driver/Passenger,134023,Injury or fatal crashes,1792,1337.0839333547226
New Haven,2015,Driver/Passenger,134023,Fatal crashes,7,5.222984114666885
New Haven,2016,Driver/Passenger,134023,Total crashes,7532,5619.930907381568
New Haven,2016,Driver/Passenger,134023,Injury or fatal crashes,1730,1290.8232169105304
New Haven,2016,Driver/Passenger,134023,Fatal crashes,12,8.95368705371466
New Haven,2017,Driver/Passenger,134023,Total crashes,7558,5639.330562664617
New Haven,2017,Driver/Passenger,134023,Injury or fatal crashes,1754,1308.7305910179596
New Haven,2017,Driver/Passenger,134023,Fatal crashes,8,5.9691247024764404
New Haven,2018,Driver/Passenger,134023,Total crashes,7153,5337.143624601747
New Haven,2018,Driver/Passenger,134023,Injury or fatal crashes,1820,1357.9758698133903
New Haven,2018,Driver/Passenger,134023,Fatal crashes,16,11.938249404952881
New Haven,2019,Driver/Passenger,134023,Total crashes,7270,5424.442073375466
New Haven,2019,Driver/Passenger,134023,Injury or fatal crashes,1858,1386.3292121501534
New Haven,2019,Driver/Passenger,134023,Fatal crashes,9,6.715265290285996
New Haven,2020,Driver/Passenger,134023,Total crashes,5546,4138.095699991793
New Haven,2020,Driver/Passenger,134023,Injury or fatal crashes,1471,1097.5728046678555
New Haven,2020,Driver/Passenger,134023,Fatal crashes,6,4.47684352685733
New Haven,2021,Driver/Passenger,134023,Total crashes,6600,4924.527879543063
New Haven,2021,Driver/Passenger,134023,Injury or fatal crashes,1621,1209.4938928392887
New Haven,2021,Driver/Passenger,134023,Fatal crashes,12,8.95368705371466
New Haven,2022,Driver/Passenger,134023,Total crashes,6737,5026.749140072972
New Haven,2022,Driver/Passenger,134023,Injury or fatal crashes,1573,1173.6791446244301
New Haven,2022,Driver/Passenger,134023,Fatal crashes,13,9.699827641524216
New Haven,2023,Driver/Passenger,134023,Total crashes,6617,4937.212269535826
New Haven,2023,Driver/Passenger,134023,Injury or fatal crashes,1477,1102.049648194713
New Haven,2023,Driver/Passenger,134023,Fatal crashes,8,5.9691247024764404
New Haven,2024,Driver/Passenger,134023,Total crashes,6406,4779.77660550801
New Haven,2024,Driver/Passenger,134023,Injury or fatal crashes,1413,1054.2966505749014
New Haven,2024,Driver/Passenger,134023,Fatal crashes,9,6.715265290285996
New Haven,2025,Driver/Passenger,134023,Total crashes,6604,4927.512441894301
New Haven,2025,Driver/Passenger,134023,Injury or fatal crashes,1261,940.883281227849
New Haven,2025,Driver/Passenger,134023,Fatal crashes,5,3.7307029390477755
New Haven,2015,Pedestrian/Cyclist/Other,134023,Total crashes,224,167.13549166934033
New Haven,2015,Pedestrian/Cyclist/Other,134023,Injury or fatal crashes,185,138.03600874476768
New Haven,2015,Pedestrian/Cyclist/Other,134023,Fatal crashes,0,0
New Haven,2016,Pedestrian/Cyclist/Other,134023,Total crashes,257,191.75813106705564
New Haven,2016,Pedestrian/Cyclist/Other,134023,Injury or fatal crashes,222,165.64321049372123
New Haven,2016,Pedestrian/Cyclist/Other,134023,Fatal crashes,3,2.238421763428665
New Haven,2017,Pedestrian/Cyclist/Other,134023,Total crashes,276,205.93480223543722
New Haven,2017,Pedestrian/Cyclist/Other,134023,Injury or fatal crashes,231,172.35847578400723
New Haven,2017,Pedestrian/Cyclist/Other,134023,Fatal crashes,3,2.238421763428665
New Haven,2018,Pedestrian/Cyclist/Other,134023,Total crashes,222,165.64321049372123
New Haven,2018,Pedestrian/Cyclist/Other,134023,Injury or fatal crashes,191,142.512852271625
New Haven,2018,Pedestrian/Cyclist/Other,134023,Fatal crashes,3,2.238421763428665
New Haven,2019,Pedestrian/Cyclist/Other,134023,Total crashes,288,214.88848928915186
New Haven,2019,Pedestrian/Cyclist/Other,134023,Injury or fatal crashes,254,189.51970930362697
New Haven,2019,Pedestrian/Cyclist/Other,134023,Fatal crashes,8,5.9691247024764404
New Haven,2020,Pedestrian/Cyclist/Other,134023,Total crashes,194,144.75127403505368
New Haven,2020,Pedestrian/Cyclist/Other,134023,Injury or fatal crashes,173,129.08232169105304
New Haven,2020,Pedestrian/Cyclist/Other,134023,Fatal crashes,11,8.207546465905105
New Haven,2021,Pedestrian/Cyclist/Other,134023,Total crashes,181,135.05144639352946
New Haven,2021,Pedestrian/Cyclist/Other,134023,Injury or fatal crashes,159,118.63635346171925
New Haven,2021,Pedestrian/Cyclist/Other,134023,Fatal crashes,11,8.207546465905105
New Haven,2022,Pedestrian/Cyclist/Other,134023,Total crashes,210,156.68952344000655
New Haven,2022,Pedestrian/Cyclist/Other,134023,Injury or fatal crashes,189,141.0205710960059
New Haven,2022,Pedestrian/Cyclist/Other,134023,Fatal crashes,5,3.7307029390477755
New Haven,2023,Pedestrian/Cyclist/Other,134023,Total crashes,202,150.72039873753013
New Haven,2023,Pedestrian/Cyclist/Other,134023,Injury or fatal crashes,179,133.55916521791036
New Haven,2023,Pedestrian/Cyclist/Other,134023,Fatal crashes,7,5.222984114666885
New Haven,2024,Pedestrian/Cyclist/Other,134023,Total crashes,213,158.92794520343523
New Haven,2024,Pedestrian/Cyclist/Other,134023,Injury or fatal crashes,178,132.8130246301008
New Haven,2024,Pedestrian/Cyclist/Other,134023,Fatal crashes,5,3.7307029390477755
New Haven,2025,Pedestrian/Cyclist/Other,134023,Total crashes,193,144.0051334472441
New Haven,2025,Pedestrian/Cyclist/Other,134023,Injury or fatal crashes,168,125.35161875200525
New Haven,2025,Pedestrian/Cyclist/Other,134023,Fatal crashes,6,4.47684352685733
Stamford,2015,Driver/Passenger,135470,Total crashes,5248,3873.9204251863885
Stamford,2015,Driver/Passenger,135470,Injury or fatal crashes,870,642.2086070716764
Stamford,2015,Driver/Passenger,135470,Fatal crashes,1,0.7381708127260649
Stamford,2016,Driver/Passenger,135470,Total crashes,5305,3915.996161511774
Stamford,2016,Driver/Passenger,135470,Injury or fatal crashes,869,641.4704362589503
Stamford,2016,Driver/Passenger,135470,Fatal crashes,1,0.7381708127260649
Stamford,2017,Driver/Passenger,135470,Total crashes,4613,3405.181959105337
Stamford,2017,Driver/Passenger,135470,Injury or fatal crashes,705,520.4104229718757
Stamford,2017,Driver/Passenger,135470,Fatal crashes,6,4.429024876356389
Stamford,2018,Driver/Passenger,135470,Total crashes,5061,3735.882483206614
Stamford,2018,Driver/Passenger,135470,Injury or fatal crashes,809,597.1801874953865
Stamford,2018,Driver/Passenger,135470,Fatal crashes,4,2.9526832509042595
Stamford,2019,Driver/Passenger,135470,Total crashes,4580,3380.8223222853767
Stamford,2019,Driver/Passenger,135470,Injury or fatal crashes,845,623.7543367535247
Stamford,2019,Driver/Passenger,135470,Fatal crashes,1,0.7381708127260649
Stamford,2020,Driver/Passenger,135470,Total crashes,3331,2458.846977190522
Stamford,2020,Driver/Passenger,135470,Injury or fatal crashes,589,434.7826086956522
Stamford,2020,Driver/Passenger,135470,Fatal crashes,1,0.7381708127260649
Stamford,2021,Driver/Passenger,135470,Total crashes,4008,2958.588617406068
Stamford,2021,Driver/Passenger,135470,Injury or fatal crashes,731,539.6028641027534
Stamford,2021,Driver/Passenger,135470,Fatal crashes,3,2.2145124381781947
Stamford,2022,Driver/Passenger,135470,Total crashes,4074,3007.307891045988
Stamford,2022,Driver/Passenger,135470,Injury or fatal crashes,731,539.6028641027534
Stamford,2022,Driver/Passenger,135470,Fatal crashes,5,3.6908540636303244
Stamford,2023,Driver/Passenger,135470,Total crashes,3833,2829.4087251790065
Stamford,2023,Driver/Passenger,135470,Injury or fatal crashes,723,533.6974976009449
Stamford,2023,Driver/Passenger,135470,Fatal crashes,5,3.6908540636303244
Stamford,2024,Driver/Passenger,135470,Total crashes,3855,2845.6484830589798
Stamford,2024,Driver/Passenger,135470,Injury or fatal crashes,715,527.7921310991363
Stamford,2024,Driver/Passenger,135470,Fatal crashes,5,3.6908540636303244
Stamford,2025,Driver/Passenger,135470,Total crashes,3792,2799.143721857238
Stamford,2025,Driver/Passenger,135470,Injury or fatal crashes,731,539.6028641027534
Stamford,2025,Driver/Passenger,135470,Fatal crashes,0,0
Stamford,2015,Pedestrian/Cyclist/Other,135470,Total crashes,124,91.53318077803205
Stamford,2015,Pedestrian/Cyclist/Other,135470,Injury or fatal crashes,114,84.1514726507714
Stamford,2015,Pedestrian/Cyclist/Other,135470,Fatal crashes,2,1.4763416254521298
Stamford,2016,Pedestrian/Cyclist/Other,135470,Total crashes,143,105.55842621982727
Stamford,2016,Pedestrian/Cyclist/Other,135470,Injury or fatal crashes,137,101.12940134347089
Stamford,2016,Pedestrian/Cyclist/Other,135470,Fatal crashes,4,2.9526832509042595
Stamford,2017,Pedestrian/Cyclist/Other,135470,Total crashes,106,78.24610614896288
Stamford,2017,Pedestrian/Cyclist/Other,135470,Injury or fatal crashes,97,71.60256883442828
Stamford,2017,Pedestrian/Cyclist/Other,135470,Fatal crashes,2,1.4763416254521298
Stamford,2018,Pedestrian/Cyclist/Other,135470,Total crashes,108,79.722447774415
Stamford,2018,Pedestrian/Cyclist/Other,135470,Injury or fatal crashes,102,75.29342289805861
Stamford,2018,Pedestrian/Cyclist/Other,135470,Fatal crashes,2,1.4763416254521298
Stamford,2019,Pedestrian/Cyclist/Other,135470,Total crashes,115,84.88964346349745
Stamford,2019,Pedestrian/Cyclist/Other,135470,Injury or fatal crashes,105,77.5079353362368
Stamford,2019,Pedestrian/Cyclist/Other,135470,Fatal crashes,1,0.7381708127260649
Stamford,2020,Pedestrian/Cyclist/Other,135470,Total crashes,97,71.60256883442828
Stamford,2020,Pedestrian/Cyclist/Other,135470,Injury or fatal crashes,87,64.22086070716763
Stamford,2020,Pedestrian/Cyclist/Other,135470,Fatal crashes,2,1.4763416254521298
Stamford,2021,Pedestrian/Cyclist/Other,135470,Total crashes,119,87.84232671440171
Stamford,2021,Pedestrian/Cyclist/Other,135470,Injury or fatal crashes,112,82.67513102531926
Stamford,2021,Pedestrian/Cyclist/Other,135470,Fatal crashes,0,0
Stamford,2022,Pedestrian/Cyclist/Other,135470,Total crashes,121,89.31866833985384
Stamford,2022,Pedestrian/Cyclist/Other,135470,Injury or fatal crashes,115,84.88964346349745
Stamford,2022,Pedestrian/Cyclist/Other,135470,Fatal crashes,4,2.9526832509042595
Stamford,2023,Pedestrian/Cyclist/Other,135470,Total crashes,119,87.84232671440171
Stamford,2023,Pedestrian/Cyclist/Other,135470,Injury or fatal crashes,102,75.29342289805861
Stamford,2023,Pedestrian/Cyclist/Other,135470,Fatal crashes,4,2.9526832509042595
Stamford,2024,Pedestrian/Cyclist/Other,135470,Total crashes,110,81.19878939986714
Stamford,2024,Pedestrian/Cyclist/Other,135470,Injury or fatal crashes,100,73.81708127260649
Stamford,2024,Pedestrian/Cyclist/Other,135470,Fatal crashes,1,0.7381708127260649
Stamford,2025,Pedestrian/Cyclist/Other,135470,Total crashes,122,90.05683915257991
Stamford,2025,Pedestrian/Cyclist/Other,135470,Injury or fatal crashes,118,87.10415590167565
Stamford,2025,Pedestrian/Cyclist/Other,135470,Fatal crashes,1,0.7381708127260649
Waterbury,2015,Driver/Passenger,114403,Total crashes,5067,4429.079657002002
Waterbury,2015,Driver/Passenger,114403,Injury or fatal crashes,1250,1092.6286898070855
Waterbury,2015,Driver/Passenger,114403,Fatal crashes,12,10.48923542214802
Waterbury,2016,Driver/Passenger,114403,Total crashes,5552,4853.01958864715
Waterbury,2016,Driver/Passenger,114403,Injury or fatal crashes,1428,1248.2190152356145
Waterbury,2016,Driver/Passenger,114403,Fatal crashes,9,7.866926566611015
Waterbury,2017,Driver/Passenger,114403,Total crashes,5928,5181.682298541123
Waterbury,2017,Driver/Passenger,114403,Injury or fatal crashes,1500,1311.1544277685025
Waterbury,2017,Driver/Passenger,114403,Fatal crashes,10,8.741029518456685
Waterbury,2018,Driver/Passenger,114403,Total crashes,5999,5243.743608122164
Waterbury,2018,Driver/Passenger,114403,Injury or fatal crashes,1471,1285.805442164978
Waterbury,2018,Driver/Passenger,114403,Fatal crashes,6,5.24461771107401
Waterbury,2019,Driver/Passenger,114403,Total crashes,5706,4987.631443231384
Waterbury,2019,Driver/Passenger,114403,Injury or fatal crashes,1409,1231.6110591505467
Waterbury,2019,Driver/Passenger,114403,Fatal crashes,8,6.9928236147653475
Waterbury,2020,Driver/Passenger,114403,Total crashes,4724,4129.262344518937
Waterbury,2020,Driver/Passenger,114403,Injury or fatal crashes,1273,1112.733057699536
Waterbury,2020,Driver/Passenger,114403,Fatal crashes,6,5.24461771107401
Waterbury,2021,Driver/Passenger,114403,Total crashes,5179,4526.9791876087165
Waterbury,2021,Driver/Passenger,114403,Injury or fatal crashes,1408,1230.7369561987011
Waterbury,2021,Driver/Passenger,114403,Fatal crashes,6,5.24461771107401
Waterbury,2022,Driver/Passenger,114403,Total crashes,4806,4200.938786570282
Waterbury,2022,Driver/Passenger,114403,Injury or fatal crashes,1342,1173.046161376887
Waterbury,2022,Driver/Passenger,114403,Fatal crashes,15,13.111544277685027
Waterbury,2023,Driver/Passenger,114403,Total crashes,4630,4047.0966670454445
Waterbury,2023,Driver/Passenger,114403,Injury or fatal crashes,1211,1058.5386746851043
Waterbury,2023,Driver/Passenger,114403,Fatal crashes,12,10.48923542214802
Waterbury,2024,Driver/Passenger,114403,Total crashes,4401,3846.927091072787
Waterbury,2024,Driver/Passenger,114403,Injury or fatal crashes,1127,985.1140267300683
Waterbury,2024,Driver/Passenger,114403,Fatal crashes,10,8.741029518456685
Waterbury,2025,Driver/Passenger,114403,Total crashes,4439,3880.1430032429216
Waterbury,2025,Driver/Passenger,114403,Injury or fatal crashes,1068,933.5419525711739
Waterbury,2025,Driver/Passenger,114403,Fatal crashes,6,5.24461771107401
Waterbury,2015,Pedestrian/Cyclist/Other,114403,Total crashes,114,99.64773651040619
Waterbury,2015,Pedestrian/Cyclist/Other,114403,Injury or fatal crashes,99,86.53619223272118
Waterbury,2015,Pedestrian/Cyclist/Other,114403,Fatal crashes,4,3.4964118073826738
Waterbury,2016,Pedestrian/Cyclist/Other,114403,Total crashes,112,97.89953060671485
Waterbury,2016,Pedestrian/Cyclist/Other,114403,Injury or fatal crashes,99,86.53619223272118
Waterbury,2016,Pedestrian/Cyclist/Other,114403,Fatal crashes,3,2.622308855537005
Waterbury,2017,Pedestrian/Cyclist/Other,114403,Total crashes,133,116.2556925954739
Waterbury,2017,Pedestrian/Cyclist/Other,114403,Injury or fatal crashes,114,99.64773651040619
Waterbury,2017,Pedestrian/Cyclist/Other,114403,Fatal crashes,6,5.24461771107401
Waterbury,2018,Pedestrian/Cyclist/Other,114403,Total crashes,129,112.75928078809123
Waterbury,2018,Pedestrian/Cyclist/Other,114403,Injury or fatal crashes,114,99.64773651040619
Waterbury,2018,Pedestrian/Cyclist/Other,114403,Fatal crashes,3,2.622308855537005
Waterbury,2019,Pedestrian/Cyclist/Other,114403,Total crashes,151,131.98954572869593
Waterbury,2019,Pedestrian/Cyclist/Other,114403,Injury or fatal crashes,135,118.00389849916523
Waterbury,2019,Pedestrian/Cyclist/Other,114403,Fatal crashes,4,3.4964118073826738
Waterbury,2020,Pedestrian/Cyclist/Other,114403,Total crashes,113,98.77363355856052
Waterbury,2020,Pedestrian/Cyclist/Other,114403,Injury or fatal crashes,93,81.29157452164716
Waterbury,2020,Pedestrian/Cyclist/Other,114403,Fatal crashes,6,5.24461771107401
Waterbury,2021,Pedestrian/Cyclist/Other,114403,Total crashes,112,97.89953060671485
Waterbury,2021,Pedestrian/Cyclist/Other,114403,Injury or fatal crashes,98,85.66208928087549
Waterbury,2021,Pedestrian/Cyclist/Other,114403,Fatal crashes,1,0.8741029518456684
Waterbury,2022,Pedestrian/Cyclist/Other,114403,Total crashes,111,97.02542765486919
Waterbury,2022,Pedestrian/Cyclist/Other,114403,Injury or fatal crashes,97,84.78798632902983
Waterbury,2022,Pedestrian/Cyclist/Other,114403,Fatal crashes,6,5.24461771107401
Waterbury,2023,Pedestrian/Cyclist/Other,114403,Total crashes,96,83.91388337718416
Waterbury,2023,Pedestrian/Cyclist/Other,114403,Injury or fatal crashes,82,71.67644205134481
Waterbury,2023,Pedestrian/Cyclist/Other,114403,Fatal crashes,3,2.622308855537005
Waterbury,2024,Pedestrian/Cyclist/Other,114403,Total crashes,135,118.00389849916523
Waterbury,2024,Pedestrian/Cyclist/Other,114403,Injury or fatal crashes,117,102.27004536594319
Waterbury,2024,Pedestrian/Cyclist/Other,114403,Fatal crashes,6,5.24461771107401
Waterbury,2025,Pedestrian/Cyclist/Other,114403,Total crashes,101,88.2843981364125
Waterbury,2025,Pedestrian/Cyclist/Other,114403,Injury or fatal crashes,88,76.92105976241882
Waterbury,2025,Pedestrian/Cyclist/Other,114403,Fatal crashes,1,0.8741029518456684
