geography,year,crash_type,total_crashes,fatal_crashes,injury_or_fatal_crashes,population,total_crashes_per_100k,fatal_crashes_per_100k,injury_or_fatal_crashes_per_100k
Bridgeport,2015,Cyclist/vehicle,52,0,45,148654,34.98055888169844,0,30.271637493777497
Bridgeport,2015,Pedestrian/vehicle,119,1,112,148654,80.05166359465605,0.6727030554172777,75.3427422067351
Bridgeport,2015,Vehicle/vehicle,5364,1,1233,148654,3608.3791892582776,0.6727030554172777,829.4428673295034
Bridgeport,2016,Cyclist/vehicle,55,0,47,148654,36.998668047950275,0,31.617043604612054
Bridgeport,2016,Pedestrian/vehicle,152,6,144,148654,102.25086442342622,4.036218332503666,96.86923998008798
Bridgeport,2016,Vehicle/vehicle,6570,8,1679,148654,4419.659074091514,5.381624443338222,1129.4684300456092
Bridgeport,2017,Cyclist/vehicle,54,0,43,148654,36.325964992532995,0,28.926231382942944
Bridgeport,2017,Pedestrian/vehicle,169,7,157,148654,113.68681636551993,4.7089213879209435,105.6143797005126
Bridgeport,2017,Vehicle/vehicle,6412,3,1589,148654,4313.371991335584,2.018109166251833,1068.9251550580543
Bridgeport,2018,Cyclist/vehicle,24,0,21,148654,16.144873330014665,0,14.126764163762832
Bridgeport,2018,Pedestrian/vehicle,154,4,146,148654,103.59627053426078,2.690812221669111,98.21464609092254
Bridgeport,2018,Vehicle/vehicle,6098,7,1631,148654,4102.1432319345595,4.7089213879209435,1097.17868338558
Bridgeport,2019,Cyclist/vehicle,30,0,23,148654,20.18109166251833,0,15.472170274597389
Bridgeport,2019,Pedestrian/vehicle,155,3,143,148654,104.26897358967804,2.018109166251833,96.19653692467071
Bridgeport,2019,Vehicle/vehicle,6139,0,1642,148654,4129.724057206668,0,1104.57841699517
Bridgeport,2020,Cyclist/vehicle,17,0,13,148654,11.43595194209372,0,8.74513972042461
Bridgeport,2020,Pedestrian/vehicle,103,3,98,148654,69.2884147079796,2.018109166251833,65.92489943089322
Bridgeport,2020,Vehicle/vehicle,5075,13,1359,148654,3413.968006242684,8.74513972042461,914.2034523120803
Bridgeport,2021,Cyclist/vehicle,23,0,20,148654,15.472170274597389,0,13.454061108345554
Bridgeport,2021,Pedestrian/vehicle,97,3,88,148654,65.25219637547593,2.018109166251833,59.197868876720435
Bridgeport,2021,Vehicle/vehicle,5858,4,1595,148654,3940.694498634413,2.690812221669111,1072.961373390558
Bridgeport,2022,Cyclist/vehicle,19,0,18,148654,12.781358052928278,0,12.108654997510998
Bridgeport,2022,Pedestrian/vehicle,135,4,125,148654,90.8149124813325,2.690812221669111,84.08788192715971
Bridgeport,2022,Vehicle/vehicle,5577,7,1563,148654,3751.6649400621577,4.7089213879209435,1051.434875617205
Bridgeport,2023,Cyclist/vehicle,17,0,14,148654,11.43595194209372,0,9.417842775841887
Bridgeport,2023,Pedestrian/vehicle,111,2,102,148654,74.67003915131782,1.3454061108345554,68.61571165256233
Bridgeport,2023,Vehicle/vehicle,5329,5,1475,148654,3584.8345823186733,3.3635152770863885,992.2370067404845
Bridgeport,2024,Cyclist/vehicle,30,0,23,148654,20.18109166251833,0,15.472170274597389
Bridgeport,2024,Pedestrian/vehicle,146,5,132,148654,98.21464609092254,3.3635152770863885,88.79680331508065
Bridgeport,2024,Vehicle/vehicle,5413,7,1471,148654,3641.341638973724,4.7089213879209435,989.5461945188155
Bridgeport,2025,Cyclist/vehicle,36,0,22,148654,24.217309995021996,0,14.799467219180109
Bridgeport,2025,Pedestrian/vehicle,129,2,118,148654,86.77869414882882,1.3454061108345554,79.37896053923878
Bridgeport,2025,Vehicle/vehicle,5374,7,1355,148654,3615.10621981245,4.7089213879209435,911.5126400904113
Connecticut (statewide),2015,Cyclist/vehicle,540,3,446,3605944,14.975274158445057,0.08319596754691698,12.368467175308325
Connecticut (statewide),2015,Pedestrian/vehicle,1367,47,1221,3605944,37.90962921221184,1.303403491568366,33.86075879159521
Connecticut (statewide),2015,Vehicle/vehicle,109262,203,24408,3605944,3030.052602037081,5.629593804008049,676.8823919617165
Connecticut (statewide),2016,Cyclist/vehicle,566,7,457,3605944,15.696305877185003,0.19412392427613961,12.673519056313685
Connecticut (statewide),2016,Pedestrian/vehicle,1598,67,1446,3605944,44.31571871332444,1.8580432752144793,40.100456357613986
Connecticut (statewide),2016,Vehicle/vehicle,113771,223,26143,3605944,3155.096141260097,6.1842335876541625,724.9973931930168
Connecticut (statewide),2017,Cyclist/vehicle,547,3,447,3605944,15.169398082721196,0.08319596754691698,12.396199164490628
Connecticut (statewide),2017,Pedestrian/vehicle,1555,54,1360,3605944,43.1232431784853,1.4975274158445055,37.7155052879357
Connecticut (statewide),2017,Vehicle/vehicle,113546,207,25761,3605944,3148.8564436940787,5.740521760737272,714.4037733253762
Connecticut (statewide),2018,Cyclist/vehicle,435,1,352,3605944,12.063415294302962,0.02773198918230566,9.761660192171592
Connecticut (statewide),2018,Pedestrian/vehicle,1495,63,1330,3605944,41.45932382754696,1.7471153184852566,36.88354561246653
Connecticut (statewide),2018,Vehicle/vehicle,112226,217,25719,3605944,3112.2502179734347,6.017841652560328,713.2390297797193
Connecticut (statewide),2019,Cyclist/vehicle,499,3,413,3605944,13.838262601970525,0.08319596754691698,11.453311532292238
Connecticut (statewide),2019,Pedestrian/vehicle,1583,54,1396,3605944,43.89973887558986,1.4975274158445055,38.713856898498705
Connecticut (statewide),2019,Vehicle/vehicle,110529,181,25556,3605944,3065.189032331062,5.019490041997324,708.7187155430034
Connecticut (statewide),2020,Cyclist/vehicle,431,6,355,3605944,11.95248733757374,0.16639193509383396,9.844856159718509
Connecticut (statewide),2020,Pedestrian/vehicle,1142,61,1013,3605944,31.669931646193064,1.6916513401206452,28.092505041675633
Connecticut (statewide),2020,Vehicle/vehicle,82218,218,20183,3605944,2280.068686590807,6.045573641742633,559.7147376664751
Connecticut (statewide),2021,Cyclist/vehicle,370,3,299,3605944,10.260835997453094,0.08319596754691698,8.291864765509393
Connecticut (statewide),2021,Pedestrian/vehicle,1182,53,1078,3605944,32.77921121348529,1.4697954266622,29.8950843385255
Connecticut (statewide),2021,Vehicle/vehicle,99607,238,23692,3605944,2762.3002464819197,6.6002134253887474,657.0262877071857
Connecticut (statewide),2022,Cyclist/vehicle,330,4,278,3605944,9.151556430160868,0.11092795672922263,7.709492992680973
Connecticut (statewide),2022,Pedestrian/vehicle,1372,73,1253,3605944,38.04828915812337,2.024435210308313,34.74818244542899
Connecticut (statewide),2022,Vehicle/vehicle,101100,261,23770,3605944,2803.704106331102,7.238049176581777,659.1893828634055
Connecticut (statewide),2023,Cyclist/vehicle,424,4,352,3605944,11.7583634132976,0.11092795672922263,9.761660192171592
Connecticut (statewide),2023,Pedestrian/vehicle,1301,54,1145,3605944,36.07931792617966,1.4975274158445055,31.75312761373998
Connecticut (statewide),2023,Vehicle/vehicle,98712,232,23120,3605944,2737.480116163756,6.433821490294913,641.1635898949069
Connecticut (statewide),2024,Cyclist/vehicle,476,4,362,3605944,13.200426850777495,0.11092795672922263,10.038980083994648
Connecticut (statewide),2024,Pedestrian/vehicle,1518,61,1356,3605944,42.09715957873999,1.6916513401206452,37.60457733120648
Connecticut (statewide),2024,Vehicle/vehicle,102266,226,22900,3605944,2836.039605717671,6.26742955520108,635.0625522747996
Connecticut (statewide),2025,Cyclist/vehicle,461,5,351,3605944,12.784447013042909,0.1386599459115283,9.733928202989286
Connecticut (statewide),2025,Pedestrian/vehicle,1375,55,1232,3605944,38.13148512567028,1.5252594050268113,34.16581067260057
Connecticut (statewide),2025,Vehicle/vehicle,101598,172,22092,3605944,2817.5146369438903,4.7699021393565735,612.6551050154966
Five largest cities,2015,Cyclist/vehicle,227,2,183,653604,34.730509605204375,0.30599567934100774,27.998604659702206
Five largest cities,2015,Pedestrian/vehicle,592,9,539,653604,90.57472108493828,1.3769805570345348,82.46583558240158
Five largest cities,2015,Vehicle/vehicle,30215,26,6737,653604,4622.829725644274,3.9779438314331004,1030.7464458601844
Five largest cities,2016,Cyclist/vehicle,231,1,194,653604,35.342500963886394,0.15299783967050387,29.681580896077747
Five largest cities,2016,Pedestrian/vehicle,721,17,671,653604,110.31144240243329,2.600963274398566,102.66155041890809
Five largest cities,2016,Vehicle/vehicle,32362,38,7569,653604,4951.316087416845,5.813917907479146,1158.0406484660436
Five largest cities,2017,Cyclist/vehicle,230,1,183,653604,35.18950312421588,0.15299783967050387,27.998604659702206
Five largest cities,2017,Pedestrian/vehicle,715,18,651,653604,109.39345536441026,2.7539611140690696,99.60159362549801
Five largest cities,2017,Vehicle/vehicle,31308,36,7206,653604,4790.056364404135,5.507922228138139,1102.5024326656508
Five largest cities,2018,Cyclist/vehicle,176,1,141,653604,26.92761978200868,0.15299783967050387,21.572695393541043
Five largest cities,2018,Pedestrian/vehicle,654,20,609,653604,100.06058714450953,3.0599567934100773,93.17568435933686
Five largest cities,2018,Vehicle/vehicle,31106,45,7424,653604,4759.150800790693,6.884902785172674,1135.8559617138205
Five largest cities,2019,Cyclist/vehicle,194,0,161,653604,29.681580896077747,0,24.63265218695112
Five largest cities,2019,Pedestrian/vehicle,748,19,685,653604,114.44238407353689,2.906958953739573,104.80352017429514
Five largest cities,2019,Vehicle/vehicle,30619,30,7396,653604,4684.640852871157,4.589935190115116,1131.5720222030466
Five largest cities,2020,Cyclist/vehicle,137,4,108,653604,20.960704034859027,0.6119913586820155,16.523766684414415
Five largest cities,2020,Pedestrian/vehicle,538,22,492,653604,82.31283774273108,3.365952472751085,75.27493711788789
Five largest cities,2020,Vehicle/vehicle,24050,39,6202,653604,3679.5980440756175,5.96691574714965,948.892601636465
Five largest cities,2021,Cyclist/vehicle,110,1,94,653604,16.82976236375542,0.15299783967050387,14.381796929027361
Five largest cities,2021,Pedestrian/vehicle,521,19,478,653604,79.71187446833251,2.906958953739573,73.13296736250084
Five largest cities,2021,Vehicle/vehicle,26988,37,6800,653604,4129.105697027559,5.660920067808642,1040.3853097594263
Five largest cities,2022,Cyclist/vehicle,101,2,88,653604,15.452781806720889,0.30599567934100774,13.46380989100434
Five largest cities,2022,Pedestrian/vehicle,610,24,562,653604,93.32868219900735,3.6719481520920927,85.98478589482316
Five largest cities,2022,Vehicle/vehicle,26421,48,6600,653604,4042.3559219343824,7.343896304184185,1009.7857418253255
Five largest cities,2023,Cyclist/vehicle,122,0,106,653604,18.66573643980147,0,16.21777100507341
Five largest cities,2023,Pedestrian/vehicle,569,22,503,653604,87.05577077251668,3.365952472751085,76.95791335426344
Five largest cities,2023,Vehicle/vehicle,25777,35,6325,653604,3943.8253131865777,5.3549243884676345,967.7113359159368
Five largest cities,2024,Cyclist/vehicle,163,4,124,653604,24.93864786629213,0.6119913586820155,18.971732119142477
Five largest cities,2024,Pedestrian/vehicle,663,20,590,653604,101.43756770154405,3.0599567934100773,90.26872540559728
Five largest cities,2024,Vehicle/vehicle,25989,40,6123,653604,3976.2608551967246,6.119913586820155,936.8057723024951
Five largest cities,2025,Cyclist/vehicle,163,1,131,653604,24.93864786629213,0.15299783967050387,20.042716996836003
Five largest cities,2025,Pedestrian/vehicle,607,14,547,653604,92.86968867999583,2.1419697553870543,83.6898182997656
Five largest cities,2025,Vehicle/vehicle,26442,28,5843,653604,4045.568876567463,4.2839395107741085,893.9663771947539
Hartford,2015,Cyclist/vehicle,48,1,41,121054,39.65172567614453,0.8260776182530112,33.86918234837346
Hartford,2015,Pedestrian/vehicle,138,3,126,121054,113.99871131891551,2.478232854759033,104.08577989987938
Hartford,2015,Vehicle/vehicle,6580,5,1592,121054,5435.590728104812,4.130388091265055,1315.1155682587935
Hartford,2016,Cyclist/vehicle,57,0,50,121054,47.08642424042163,0,41.30388091265055
Hartford,2016,Pedestrian/vehicle,177,2,166,121054,146.21573843078298,1.6521552365060224,137.12888462999985
Hartford,2016,Vehicle/vehicle,7402,8,1863,121054,6114.626530308788,6.6086209460240894,1538.9826028053596
Hartford,2017,Cyclist/vehicle,42,0,32,121054,34.695259966626466,0,26.434483784096358
Hartford,2017,Pedestrian/vehicle,166,1,160,121054,137.12888462999985,0.8260776182530112,132.17241892048176
Hartford,2017,Vehicle/vehicle,6796,9,1658,121054,5614.0234936474635,7.4346985642771,1369.6366910634922
Hartford,2018,Cyclist/vehicle,40,0,33,121054,33.04310473012044,0,27.260561402349364
Hartford,2018,Pedestrian/vehicle,153,9,143,121054,126.3898755927107,7.4346985642771,118.12909941018059
Hartford,2018,Vehicle/vehicle,6795,12,1693,121054,5613.19741602921,9.912931419036132,1398.5494077023477
Hartford,2019,Cyclist/vehicle,50,0,44,121054,41.30388091265055,0,36.34741520313249
Hartford,2019,Pedestrian/vehicle,153,3,142,121054,126.3898755927107,2.478232854759033,117.30302179192758
Hartford,2019,Vehicle/vehicle,6924,12,1642,121054,5719.761428783849,9.912931419036132,1356.419449171444
Hartford,2020,Cyclist/vehicle,25,1,19,121054,20.651940456325274,0.8260776182530112,15.69547474680721
Hartford,2020,Pedestrian/vehicle,126,3,117,121054,104.08577989987938,2.478232854759033,96.65108133560229
Hartford,2020,Vehicle/vehicle,5374,13,1510,121054,4439.341120491681,10.739009037289144,1247.3772035620468
Hartford,2021,Cyclist/vehicle,7,0,7,121054,5.782543327771077,0,5.782543327771077
Hartford,2021,Pedestrian/vehicle,92,5,88,121054,75.99914087927702,4.130388091265055,72.69483040626498
Hartford,2021,Vehicle/vehicle,5343,12,1445,121054,4413.732714325838,9.912931419036132,1193.682158375601
Hartford,2022,Cyclist/vehicle,15,0,12,121054,12.391164273795166,0,9.912931419036132
Hartford,2022,Pedestrian/vehicle,100,7,94,121054,82.6077618253011,5.782543327771077,77.65129611578304
Hartford,2022,Vehicle/vehicle,5227,8,1391,121054,4317.907710608489,6.6086209460240894,1149.0739669899383
Hartford,2023,Cyclist/vehicle,21,0,19,121054,17.347629983313233,0,15.69547474680721
Hartford,2023,Pedestrian/vehicle,125,6,111,121054,103.25970228162637,4.956465709518066,91.69461562608423
Hartford,2023,Vehicle/vehicle,5368,5,1439,121054,4434.384654782163,4.130388091265055,1188.7256926660828
Hartford,2024,Cyclist/vehicle,33,2,26,121054,27.260561402349364,1.6521552365060224,21.478018074578287
Hartford,2024,Pedestrian/vehicle,158,5,137,121054,130.52026368397574,4.130388091265055,113.1726337006625
Hartford,2024,Vehicle/vehicle,5915,9,1398,121054,4886.24911196656,7.4346985642771,1154.8565103177093
Hartford,2025,Cyclist/vehicle,34,1,28,121054,28.086639020602373,0.8260776182530112,23.13017331108431
Hartford,2025,Pedestrian/vehicle,155,4,136,121054,128.0420308292167,3.3043104730120447,112.34655608240949
Hartford,2025,Vehicle/vehicle,6233,10,1428,121054,5148.941794571018,8.26077618253011,1179.6388388653
New Haven,2015,Cyclist/vehicle,89,0,69,134023,66.4065123150504,0,51.483700558859304
New Haven,2015,Pedestrian/vehicle,135,0,116,134023,100.72897935428993,0,86.55230818590839
New Haven,2015,Vehicle/vehicle,7956,7,1792,134023,5936.29451661282,5.222984114666885,1337.0839333547226
New Haven,2016,Cyclist/vehicle,81,0,62,134023,60.437387612573964,0,46.26071644419241
New Haven,2016,Pedestrian/vehicle,176,3,160,134023,131.3207434544817,2.238421763428665,119.38249404952882
New Haven,2016,Vehicle/vehicle,7532,12,1730,134023,5619.930907381568,8.95368705371466,1290.8232169105304
New Haven,2017,Cyclist/vehicle,99,1,79,134023,73.86791819314595,0.7461405878095551,58.94510643695485
New Haven,2017,Pedestrian/vehicle,177,2,152,134023,132.06688404229126,1.4922811756191101,113.41336934705237
New Haven,2017,Vehicle/vehicle,7558,8,1754,134023,5639.330562664617,5.9691247024764404,1308.7305910179596
New Haven,2018,Cyclist/vehicle,89,0,69,134023,66.4065123150504,0,51.483700558859304
New Haven,2018,Pedestrian/vehicle,133,3,122,134023,99.23669817867084,2.238421763428665,91.02915171276572
New Haven,2018,Vehicle/vehicle,7153,16,1820,134023,5337.143624601747,11.938249404952881,1357.9758698133903
New Haven,2019,Cyclist/vehicle,85,0,72,134023,63.421949963812175,0,53.722122322287966
New Haven,2019,Pedestrian/vehicle,203,8,182,134023,151.46653932533968,5.9691247024764404,135.797586981339
New Haven,2019,Vehicle/vehicle,7270,9,1858,134023,5424.442073375466,6.715265290285996,1386.3292121501534
New Haven,2020,Cyclist/vehicle,61,2,51,134023,45.51457585638286,1.4922811756191101,38.05316997828731
New Haven,2020,Pedestrian/vehicle,133,9,122,134023,99.23669817867084,6.715265290285996,91.02915171276572
New Haven,2020,Vehicle/vehicle,5546,6,1471,134023,4138.095699991793,4.47684352685733,1097.5728046678555
New Haven,2021,Cyclist/vehicle,42,1,31,134023,31.337904688001313,0.7461405878095551,23.130358222096206
New Haven,2021,Pedestrian/vehicle,139,10,128,134023,103.71354170552816,7.461405878095551,95.50599523962305
New Haven,2021,Vehicle/vehicle,6600,12,1621,134023,4924.527879543063,8.95368705371466,1209.4938928392887
New Haven,2022,Cyclist/vehicle,43,1,38,134023,32.08404527581087,0.7461405878095551,28.35334233676309
New Haven,2022,Pedestrian/vehicle,167,4,151,134023,124.6054781641957,2.9845623512382202,112.66722875924282
New Haven,2022,Vehicle/vehicle,6737,13,1573,134023,5026.749140072972,9.699827641524216,1173.6791446244301
New Haven,2023,Cyclist/vehicle,44,0,37,134023,32.83018586362042,0,27.607201748953536
New Haven,2023,Pedestrian/vehicle,158,7,142,134023,117.8902128739097,5.222984114666885,105.95196346895682
New Haven,2023,Vehicle/vehicle,6617,8,1477,134023,4937.212269535826,5.9691247024764404,1102.049648194713
New Haven,2024,Cyclist/vehicle,64,1,43,134023,47.752997619811524,0.7461405878095551,32.08404527581087
New Haven,2024,Pedestrian/vehicle,149,4,135,134023,111.17494758362372,2.9845623512382202,100.72897935428993
New Haven,2024,Vehicle/vehicle,6406,9,1413,134023,4779.77660550801,6.715265290285996,1054.2966505749014
New Haven,2025,Cyclist/vehicle,58,0,51,134023,43.276154092954194,0,38.05316997828731
New Haven,2025,Pedestrian/vehicle,135,6,117,134023,100.72897935428993,4.47684352685733,87.29844877371795
New Haven,2025,Vehicle/vehicle,6604,5,1261,134023,4927.512441894301,3.7307029390477755,940.883281227849
Stamford,2015,Cyclist/vehicle,22,0,18,135470,16.23975787997343,0,13.287074629069167
Stamford,2015,Pedestrian/vehicle,102,2,96,135470,75.29342289805861,1.4763416254521298,70.86439802170223
Stamford,2015,Vehicle/vehicle,5248,1,870,135470,3873.9204251863885,0.7381708127260649,642.2086070716764
Stamford,2016,Cyclist/vehicle,17,1,16,135470,12.548903816343103,0.7381708127260649,11.810733003617038
Stamford,2016,Pedestrian/vehicle,125,3,121,135470,92.2713515907581,2.2145124381781947,89.31866833985384
Stamford,2016,Vehicle/vehicle,5306,1,869,135470,3916.7343323245,0.7381708127260649,641.4704362589503
Stamford,2017,Cyclist/vehicle,21,0,19,135470,15.501587067247362,0,14.025245441795231
Stamford,2017,Pedestrian/vehicle,84,2,78,135470,62.00634826898945,1.4763416254521298,57.577323392633055
Stamford,2017,Vehicle/vehicle,4614,6,705,135470,3405.9201299180627,4.429024876356389,520.4104229718757
Stamford,2018,Cyclist/vehicle,13,0,10,135470,9.596220565438843,0,7.381708127260649
Stamford,2018,Pedestrian/vehicle,95,2,92,135470,70.12622720897616,1.4763416254521298,67.91171477079797
Stamford,2018,Vehicle/vehicle,5061,4,809,135470,3735.882483206614,2.9526832509042595,597.1801874953865
Stamford,2019,Cyclist/vehicle,10,0,7,135470,7.381708127260649,0,5.167195689082454
Stamford,2019,Pedestrian/vehicle,105,1,98,135470,77.5079353362368,0.7381708127260649,72.34073964715435
Stamford,2019,Vehicle/vehicle,4580,1,845,135470,3380.8223222853767,0.7381708127260649,623.7543367535247
Stamford,2020,Cyclist/vehicle,22,1,16,135470,16.23975787997343,0.7381708127260649,11.810733003617038
Stamford,2020,Pedestrian/vehicle,75,1,71,135470,55.36281095445486,0.7381708127260649,52.4101277035506
Stamford,2020,Vehicle/vehicle,3331,1,589,135470,2458.846977190522,0.7381708127260649,434.7826086956522
Stamford,2021,Cyclist/vehicle,22,0,20,135470,16.23975787997343,0,14.763416254521298
Stamford,2021,Pedestrian/vehicle,97,0,92,135470,71.60256883442828,0,67.91171477079797
Stamford,2021,Vehicle/vehicle,4008,3,731,135470,2958.588617406068,2.2145124381781947,539.6028641027534
Stamford,2022,Cyclist/vehicle,15,0,14,135470,11.072562190890972,0,10.334391378164907
Stamford,2022,Pedestrian/vehicle,106,4,101,135470,78.24610614896288,2.9526832509042595,74.55525208533254
Stamford,2022,Vehicle/vehicle,4074,5,731,135470,3007.307891045988,3.6908540636303244,539.6028641027534
Stamford,2023,Cyclist/vehicle,22,0,19,135470,16.23975787997343,0,14.025245441795231
Stamford,2023,Pedestrian/vehicle,97,4,83,135470,71.60256883442828,2.9526832509042595,61.26817745626337
Stamford,2023,Vehicle/vehicle,3833,5,723,135470,2829.4087251790065,3.6908540636303244,533.6974976009449
Stamford,2024,Cyclist/vehicle,15,0,14,135470,11.072562190890972,0,10.334391378164907
Stamford,2024,Pedestrian/vehicle,96,1,87,135470,70.86439802170223,0.7381708127260649,64.22086070716763
Stamford,2024,Vehicle/vehicle,3854,5,714,135470,2844.910312246254,3.6908540636303244,527.0539602864103
Stamford,2025,Cyclist/vehicle,20,0,18,135470,14.763416254521298,0,13.287074629069167
Stamford,2025,Pedestrian/vehicle,102,1,100,135470,75.29342289805861,0.7381708127260649,73.81708127260649
Stamford,2025,Vehicle/vehicle,3792,0,731,135470,2799.143721857238,0,539.6028641027534
Waterbury,2015,Cyclist/vehicle,16,1,10,114403,13.985647229530695,0.8741029518456684,8.741029518456685
Waterbury,2015,Pedestrian/vehicle,98,3,89,114403,85.66208928087549,2.622308855537005,77.79516271426448
Waterbury,2015,Vehicle/vehicle,5067,12,1250,114403,4429.079657002002,10.48923542214802,1092.6286898070855
Waterbury,2016,Cyclist/vehicle,21,0,19,114403,18.356161988759037,0,16.6079560850677
Waterbury,2016,Pedestrian/vehicle,91,3,80,114403,79.54336861795584,2.622308855537005,69.92823614765348
Waterbury,2016,Vehicle/vehicle,5552,9,1428,114403,4853.01958864715,7.866926566611015,1248.2190152356145
Waterbury,2017,Cyclist/vehicle,14,0,10,114403,12.237441325839356,0,8.741029518456685
Waterbury,2017,Pedestrian/vehicle,119,6,104,114403,104.01825126963455,5.24461771107401,90.90670699194952
Waterbury,2017,Vehicle/vehicle,5928,10,1500,114403,5181.682298541123,8.741029518456685,1311.1544277685025
Waterbury,2018,Cyclist/vehicle,10,1,8,114403,8.741029518456685,0.8741029518456684,6.9928236147653475
Waterbury,2018,Pedestrian/vehicle,119,2,106,114403,104.01825126963455,1.7482059036913369,92.65491289564085
Waterbury,2018,Vehicle/vehicle,5999,6,1471,114403,5243.743608122164,5.24461771107401,1285.805442164978
Waterbury,2019,Cyclist/vehicle,19,0,15,114403,16.6079560850677,0,13.111544277685027
Waterbury,2019,Pedestrian/vehicle,132,4,120,114403,115.38158964362823,3.4964118073826738,104.89235422148022
Waterbury,2019,Vehicle/vehicle,5706,8,1409,114403,4987.631443231384,6.9928236147653475,1231.6110591505467
Waterbury,2020,Cyclist/vehicle,12,0,9,114403,10.48923542214802,0,7.866926566611015
Waterbury,2020,Pedestrian/vehicle,101,6,84,114403,88.2843981364125,5.24461771107401,73.42464795503615
Waterbury,2020,Vehicle/vehicle,4724,6,1273,114403,4129.262344518937,5.24461771107401,1112.733057699536
Waterbury,2021,Cyclist/vehicle,16,0,16,114403,13.985647229530695,0,13.985647229530695
Waterbury,2021,Pedestrian/vehicle,96,1,82,114403,83.91388337718416,0.8741029518456684,71.67644205134481
Waterbury,2021,Vehicle/vehicle,5179,6,1408,114403,4526.9791876087165,5.24461771107401,1230.7369561987011
Waterbury,2022,Cyclist/vehicle,9,1,6,114403,7.866926566611015,0.8741029518456684,5.24461771107401
Waterbury,2022,Pedestrian/vehicle,102,5,91,114403,89.15850108825816,4.370514759228342,79.54336861795584
Waterbury,2022,Vehicle/vehicle,4806,15,1342,114403,4200.938786570282,13.111544277685027,1173.046161376887
Waterbury,2023,Cyclist/vehicle,18,0,17,114403,15.73385313322203,0,14.859750181376363
Waterbury,2023,Pedestrian/vehicle,78,3,65,114403,68.18003024396214,2.622308855537005,56.816691869968444
Waterbury,2023,Vehicle/vehicle,4630,12,1211,114403,4047.0966670454445,10.48923542214802,1058.5386746851043
Waterbury,2024,Cyclist/vehicle,21,1,18,114403,18.356161988759037,0.8741029518456684,15.73385313322203
Waterbury,2024,Pedestrian/vehicle,114,5,99,114403,99.64773651040619,4.370514759228342,86.53619223272118
Waterbury,2024,Vehicle/vehicle,4401,10,1127,114403,3846.927091072787,8.741029518456685,985.1140267300683
Waterbury,2025,Cyclist/vehicle,15,0,12,114403,13.111544277685027,0,10.48923542214802
Waterbury,2025,Pedestrian/vehicle,86,1,76,114403,75.17285385872748,0.8741029518456684,66.4318243402708
Waterbury,2025,Vehicle/vehicle,4439,6,1068,114403,3880.1430032429216,5.24461771107401,933.5419525711739
